Submission Date,First Name,Last Name,Today's Date,Employee ID #,Rank,Employee Start Date,Years of Service,Day 1, Type,Day 2,Type 2,Day 3,Type 3,Day 4,Type 4,Day 5,Type 5,Day 6,Type 6,Day 7,Type 7,Day 8,Type 8,Day 9,Type 9,Day 10,Type 10,Day 11,Type 11,Day 12,Type 12,Day 13,Type 13,Day 14, Type 14,Day 15,Type 15,Day 16,Type 16,Day 17,Type 17,Day 18,Type 18,Shift,Submission ID
11/30/2022 22:45,Cindy,Abbott,11/30/2022,564,Probationary Firefighter,1/17/2022,0.87,9/5/2023,Holiday,6/16/2023,Holiday,3/18/2023,Holiday,5/5/2023,Vacation,11/1/2023,Vacation,9/2/2023,Vacation,7/22/2023,Vacation,6/10/2023,Vacation,8/5/2023,Vacation,10/8/2023,Vacation,,,,,,,,,,,,,,,,,C,5.45676E+18
12/2/2022 13:20,Abdiel,Aguilar,12/2/2022,565,Probationary Firefighter,1/17/2022,0.87,5/23/2023,Holiday,12/25/2023,Holiday,9/2/2023,Vacation,2/13/2023,Holiday,2/19/2023,Vacation,3/6/2023,Vacation,,,,,,,,,,,,,,,,,,,,,,,,,C,5.45814E+18
12/1/2022 19:17,Zachary,Allmon,12/1/2022,566,Probationary Firefighter,1/17/2022,0.87,2/7/2023,Vacation,2/10/2023,Vacation,4/17/2023,Vacation,7/22/2023,Vacation,5/23/2023,Vacation,10/1/2023,,11/1/2023,Vacation,,,,,,,,,,,,,,,,,,,,,,,C,5.45749E+18
11/25/2022 14:46,Benjamin,Arteaga,11/25/2022,568,Probationary Firefighter,1/17/2022,0.85,2/17/2023,Holiday,2/20/2023,Holiday,2/23/2023,Holiday,2/26/2023,Holiday,3/1/2023,Holiday,3/4/2023,Holiday,3/7/2023,Vacation,3/10/2023,Vacation,3/13/2023,Vacation,3/16/2023,Vacation,,,,,,,,,,,,,,,,,A,5.45215E+18
12/1/2022 19:35,Jeremy,Ayers,12/1/2022,522,Firefighter,9/28/2020,2.18,6/8/2023,Vacation,6/11/2023,Vacation,9/30/2023,Vacation,,,,,,,,,,,,,,,,,,,,,,,,,,,,,,,A,5.45751E+18
11/23/2022 19:18,Brandon,Barkley,11/23/2022,286,Battalion Chief,10/10/2005,17.13,7/18/2023,Vacation,7/21/2023,Holiday,11/24/2023,Vacation,12/30/2023,Holiday,12/27/2023,Vacation,10/31/2023,Holiday,7/6/2023,Vacation,6/30/2023,Holiday,12/9/2023,Vacation,2/18/2023,Vacation,3/17/2023,Vacation,9/4/2023,Vacation,,,,,,,,,,,,,B,5.45058E+18
12/2/2022 12:59,Susan,Bauer,12/2/2022,411,Apparatus Specialist,3/7/2017,5.74,12/22/2023,Vacation,12/25/2023,Vacation,5/20/2023,Vacation,4/29/2023,Vacation,2/10/2023,Vacation,2/13/2023,Vacation,3/18/2023,Holiday,7/1/2023,Holiday,,,,,,,,,,,,,,,,,,,,,C,5.45813E+18
12/2/2022 15:11,Ram,Beck,12/2/2022,4,Captain,1/10/2000,22.91,12/25/2023,Vacation,11/25/2023,Vacation,3/15/2023,Vacation,3/18/2023,Vacation,7/4/2023,Vacation,9/2/2023,Vacation,6/19/2023,Vacation,6/22/2023,Vacation,6/25/2023,Vacation,3/12/2023,Vacation,12/28/2023,Vacation,12/22/2023,Vacation,6/28/2023,Holiday,7/1/2023,Holiday,,,,,,,,,C,5.45821E+18
11/30/2022 20:39,Joshua,Beyer,11/30/2022,5,Captain,8/31/2005,17.26,12/25/2023,Vacation,12/22/2023,Vacation,11/25/2023,Vacation,6/16/2023,Vacation,6/19/2023,Vacation,6/22/2023,Vacation,6/25/2023,Vacation,6/28/2023,Vacation,11/4/2023,Vacation,11/7/2023,Vacation,11/13/2023,Vacation,12/1/2023,Holiday,4/8/2023,Holiday,12/28/2023,Holiday,11/22/2023,Holiday,,,,,,,C,5.45668E+18
11/29/2022 20:47,Steven,Blocker,11/29/2022,402,Lieutenant,9/12/2016,6.22,12/25/2023,Vacation,12/22/2023,Vacation,12/28/2023,Vacation,6/16/2023,Vacation,6/19/2023,Vacation,4/29/2023,Vacation,8/6/2023,Vacation,3/15/2023,Vacation,7/22/2023,Vacation,5/20/2023,Holiday,2/4/2023,Holiday,11/19/2023,Holiday,,,,,,,,,,,,,C,5.45582E+18
11/30/2022 17:08,Collin,Bowser,11/30/2022,370,Firefighter,11/10/2014,8.06,12/24/2023,Vacation,10/31/2023,Vacation,11/3/2023,Vacation,2/12/2023,Vacation,9/4/2023,Vacation,2/3/2023,Vacation,9/7/2023,Vacation,12/18/2023,Vacation,12/3/2023,Vacation,11/18/2023,Holiday,,,,,,,,,,,,,,,,,B,5.45655E+18
11/26/2022 16:42,joshua,braddock,11/26/2022,344,Apparatus Specialist,11/28/2011,11,11/24/2023,Holiday,7/21/2023,Holiday,3/5/2023,Holiday,3/8/2023,Holiday,3/11/2023,Holiday,3/14/2023,Holiday,3/17/2023,Vacation,3/20/2023,Vacation,3/23/2023,Vacation,3/26/2023,Vacation,,,,,,,,,,,,,,,,,B,5.45308E+18
12/1/2022 10:36,Jackson,Bradshaw,12/1/2022,550,Probationary Firefighter,1/17/2022,0.87,2/23/2023,Vacation,5/18/2023,Vacation,,,,,,,,,,,,,,,,,,,,,,,,,,,,,,,,,A,5.45718E+18
12/2/2022 10:44,Cordelia,Brazziell,12/2/2022,571,Probationary Firefighter,1/17/2022,0.87,8/20/2023,Vacation,,,,,,,,,,,,,,,,,,,,,,,,,,,,,,,,,,,B,5.45805E+18
11/25/2022 12:03,Nicholas,Brindle,11/25/2022,572,Probationary Firefighter,1/17/2022,0.85,3/17/2023,Holiday,10/28/2023,Holiday,4/7/2023,Holiday,4/10/2023,Holiday,9/10/2023,Holiday,,,,,,,,,,,,,,,,,,,,,,,,,,,B,5.45205E+18
12/2/2022 16:24,Blake,Brown,12/2/2022,351,Lieutenant,3/26/2012,10.69,12/24/2023,Vacation,6/18/2023,Vacation,3/17/2023,Vacation,4/22/2023,Vacation,7/30/2023,Vacation,8/2/2023,Vacation,8/8/2023,Vacation,10/31/2023,Vacation,11/3/2023,Vacation,11/6/2023,Vacation,1/20/2024,Holiday,5/20/2023,Holiday,6/20/2023,Holiday,11/24/2023,Holiday,10/1/2023,Holiday,,,,,,,B,5.45825E+18
11/30/2022 8:52,Daniel,Byrom,11/30/2022,540,Firefighter,10/4/2021,1.16,9/27/2023,Vacation,9/30/2023,Vacation,11/17/2023,Holiday,3/13/2023,Holiday,3/16/2023,Vacation,3/19/2023,Vacation,12/11/2023,Vacation,2/26/2023,Vacation,4/9/2023,Vacation,2/23/2023,Holiday,,,,,,,,,,,,,,,,,C,5.45626E+18
12/1/2022 15:31,Sal,Caputi,12/1/2022,574,Probationary Firefighter,1/17/2022,0.87,3/10/2023,Vacation,3/19/2023,Vacation,,,,,,,,,,,,,,,,,,,,,,,,,,,,,,,,,A,5.45736E+18
11/30/2022 17:18,Jonathan,Carroll,11/30/2022,487,Firefighter,1/21/2019,3.86,4/12/2023,Vacation,4/15/2023,Vacation,5/15/2023,Vacation,5/18/2023,Vacation,8/28/2023,Vacation,,,,,,,,,,,,,,,,,,,,,,,,,,,A,5.45656E+18
12/1/2022 20:39,Gabriel,Coleman,12/1/2022,413,Apparatus Specialist,3/6/2017,5.74,12/26/2023,Vacation,12/29/2023,Vacation,3/19/2023,Vacation,3/7/2023,Vacation,3/10/2023,Vacation,3/16/2023,Vacation,4/21/2023,Vacation,5/27/2023,Vacation,5/6/2023,Vacation,2/11/2023,Vacation,7/5/2023,Holiday,7/20/2023,Holiday,7/23/2023,Holiday,1/1/2024,Vacation,1/4/2024,Vacation,,,,,,,A,5.45754E+18
12/1/2022 13:51,Jules,Cromarty,12/1/2022,517,Firefighter,1/13/2020,2.88,6/5/2023,Vacation,6/8/2023,Vacation,6/11/2023,Vacation,2/19/2023,Vacation,11/25/2023,Vacation,12/31/2023,Vacation,12/28/2023,Vacation,,,,,,,,,,,,,,,,,,,,,,,C,5.4573E+18
12/2/2022 0:02,Peter,Culin,12/1/2022,387,Firefighter,1/4/2016,6.91,10/31/2023,Vacation,12/24/2023,Vacation,11/24/2023,Vacation,6/18/2023,Vacation,5/28/2023,Vacation,3/17/2023,Vacation,9/4/2023,Vacation,10/7/2023,Vacation,,,,,,,,,,,,,,,,,,,,,B,5.45767E+18
11/24/2022 11:13,Ron,Cunnningham,11/24/2022,10,Lieutenant,2/1/1998,24.83,12/25/2023,Vacation,11/22/2023,Vacation,7/4/2023,Vacation,3/15/2023,Vacation,7/7/2023,Vacation,7/10/2023,Holiday,,,,,,,,,,,,,,,,,,,,,,,,,C,5.45116E+18
11/23/2022 10:22,Jesus,De Luna,11/23/2022,577,Probationary Firefighter,1/17/2022,0.85,5/10/2023,Vacation,5/13/2023,Vacation,5/25/2023,Vacation,5/28/2023,Vacation,2/3/2023,Vacation,2/6/2023,Vacation,2/9/2023,Vacation,4/19/2023,Vacation,4/22/2023,Holiday,3/11/2023,Holiday,3/14/2023,Holiday,,,,,,,,,,,,,,,B,5.45026E+18
11/25/2022 14:49,Kyle,Deal,11/25/2022,460,Firefighter,1/22/2018,4.84,6/17/2023,Holiday,11/11/2023,Holiday,9/3/2023,Holiday,9/6/2023,Holiday,9/9/2023,Holiday,9/12/2023,Holiday,9/15/2023,Vacation,9/18/2023,Vacation,9/21/2023,Vacation,9/24/2023,Vacation,9/27/2023,Vacation,9/30/2023,Vacation,10/3/2023,Vacation,10/6/2023,Vacation,,,,,,,,,A,5.45215E+18
12/2/2022 17:56,Andrew,Diaz,12/2/2022,551,Probationary Firefighter,1/17/2022,0.87,10/28/2023,Vacation,6/18/2023,Vacation,6/21/2023,Vacation,9/22/2023,Vacation,8/20/2023,Vacation,3/29/2023,Holiday,2/3/2023,Holiday,,,,,,,,,,,,,,,,,,,,,,,B,5.45831E+18
12/1/2022 14:07,Kara,DiClemente,12/1/2022,578,Probationary Firefighter,1/17/2022,0.87,5/30/2023,Vacation,7/5/2023,Vacation,,,,,,,,,,,,,,,,,,,,,,,,,,,,,,,,,A,5.45731E+18
11/23/2022 19:14,Drew,Dilworth,11/23/2022,371,Apparatus Specialist,11/10/2014,8.04,12/31/2023,Vacation,12/28/2023,Vacation,3/18/2023,Vacation,3/15/2023,Vacation,2/4/2023,Vacation,2/19/2023,Vacation,7/28/2023,Vacation,7/22/2023,Holiday,8/6/2023,Holiday,6/19/2023,Holiday,7/19/2023,Holiday,7/25/2023,Holiday,4/2/2023,Holiday,,,,,,,,,,,C,5.45058E+18
11/21/2022 22:16,Charles,Dossett,11/21/2022,380,Apparatus Specialist,7/19/2015,7.35,11/23/2023,Vacation,7/23/2023,Vacation,7/26/2023,Vacation,7/29/2023,Vacation,5/12/2023,Vacation,5/15/2023,Vacation,5/18/2023,Holiday,2/11/2023,Holiday,6/26/2023,Holiday,7/8/2023,Holiday,4/27/2023,Vacation,,,,,,,,,,,,,,,A,5.44896E+18
11/28/2022 20:19,Heath,Doyle,11/28/2022,11,Battalion Chief,12/10/1999,22.98,11/23/2023,Vacation,12/26/2023,Vacation,12/29/2023,Vacation,6/2/2023,Vacation,12/23/2023,Vacation,9/3/2023,Vacation,5/27/2023,Vacation,6/26/2023,Vacation,6/29/2023,Vacation,,,,,,,,,,,,,,,,,,,A,5.45494E+18
11/21/2022 9:02,Cody,Doyle,11/21/2022,388,Apparatus Specialist,1/4/2016,6.88,12/25/2023,Vacation,12/31/2023,Vacation,8/27/2023,Vacation,7/4/2023,Vacation,6/28/2023,Vacation,1/11/2023,,,,,,,,,,,,,,,,,,,,,,,,,,C,5.44849E+18
11/26/2022 11:45,Sean,Dreas,11/26/2022,12,Lieutenant,12/25/2002,19.93,11/23/2023,Vacation,5/21/2023,Vacation,5/24/2023,Vacation,5/27/2023,Vacation,7/2/2023,Vacation,7/8/2023,Vacation,4/9/2023,Vacation,12/26/2023,Vacation,9/3/2023,Vacation,,,,,,,,,,,,,,,,,,,A,5.4529E+18
11/29/2022 15:29,Ignacio,Echeveste,11/29/2022,580,Probationary Firefighter,1/17/2022,0.87,7/18/2023,Vacation,7/21/2023,Vacation,7/15/2023,Vacation,,,,,,,,,,,,,,,,,,,,,,,,,,,,,,,B,5.45563E+18
12/1/2022 19:11,connor,einck,12/1/2022,621,Probationary Firefighter,8/8/2022,0.32,2/13/2023,Holiday,3/18/2023,Holiday,4/26/2023,Holiday,7/16/2023,Holiday,11/1/2023,Holiday,12/13/2023,Holiday,11/25/2023,Vacation,12/22/2023,Vacation,,,,,,,,,,,,,,,,,,,,,C,5.45749E+18
12/1/2022 22:28,Cort,Farley,12/1/2022,99,Lieutenant,9/25/2010,12.19,12/24/2023,Vacation,10/31/2023,Vacation,7/3/2023,Vacation,7/6/2023,Vacation,6/27/2023,Vacation,6/30/2023,Vacation,12/27/2023,Vacation,12/21/2023,Vacation,2/18/2023,Holiday,11/21/2023,Holiday,8/14/2023,Holiday,2/12/2023,Holiday,,,,,,,,,,,,,B,5.45761E+18
11/22/2022 8:26,Mark,Farmer,11/22/2022,428,Apparatus Specialist,4/3/2017,5.64,12/26/2023,Vacation,12/23/2023,Vacation,6/23/2023,Vacation,6/26/2023,Vacation,9/3/2023,Vacation,9/6/2023,Vacation,9/9/2023,Vacation,9/12/2023,Vacation,6/20/2023,Vacation,4/6/2023,Holiday,4/21/2023,Holiday,4/24/2023,Holiday,3/4/2023,Holiday,3/25/2023,Holiday,6/29/2023,Holiday,,,,,,,A,5.44933E+18
11/30/2022 10:47,Kc,Finn,11/30/2022,582,Probationary Firefighter,1/17/2022,0.87,12/1/2023,Holiday,12/4/2023,Holiday,12/31/2023,Holiday,7/4/2023,Holiday,5/14/2023,Holiday,5/20/2023,Holiday,,,,,,,,,,,,,,,,,,,,,,,,,C,5.45632E+18
12/2/2022 13:57,Cristian,Garza,12/2/2022,584,Probationary Firefighter,11/4/2022,0.08,2/21/2023,Vacation,2/24/2023,Vacation,7/21/2023,Vacation,7/24/2023,Vacation,9/13/2023,Vacation,11/30/2023,Vacation,12/3/2023,Vacation,12/6/2023,Vacation,12/9/2023,Vacation,7/30/2023,Vacation,8/2/2023,Vacation,12/27/2023,Vacation,12/30/2023,Vacation,1/5/2024,Vacation,,,,,,,,,B,5.45817E+18
12/1/2022 21:08,Andres,Goez,12/1/2022,318,Lieutenant,8/20/2008,14.29,3/9/2023,Vacation,3/12/2023,Vacation,3/15/2023,Vacation,2/19/2023,Vacation,5/14/2023,Vacation,9/23/2023,Vacation,,,,,,,,,,,,,,,,,,,,,,,,,C,5.45756E+18
11/21/2022 8:53,William,Golding,11/21/2022,505,Firefighter,11/9/2019,3.04,12/28/2023,Vacation,12/31/2023,Vacation,11/25/2023,Vacation,2/25/2023,Vacation,5/5/2023,Vacation,5/14/2023,Vacation,2/22/2023,Vacation,5/8/2023,Vacation,5/11/2023,Holiday,6/28/2023,Holiday,11/4/2023,Holiday,10/14/2023,Holiday,12/16/2023,Holiday,,,,,,,,,,,C,5.44848E+18
12/2/2022 16:41,Victoria,Gonzales,12/2/2022,488,Firefighter,1/21/2019,3.87,12/25/2023,Vacation,3/15/2023,Vacation,3/18/2023,Vacation,11/25/2023,Vacation,5/20/2023,Vacation,6/1/2023,Vacation,2/22/2023,Vacation,7/1/2023,Vacation,8/18/2023,Holiday,5/26/2023,Holiday,5/29/2023,Holiday,8/21/2023,Holiday,,,,,,,,,,,,,C,5.45826E+18
11/28/2022 21:33,Robert,Grady,11/28/2022,17,Captain,2/2/1998,24.84,3/17/2023,Vacation,5/28/2023,Vacation,6/21/2023,Vacation,6/24/2023,Vacation,12/18/2023,Holiday,8/5/2023,Vacation,8/20/2023,Vacation,9/10/2023,Vacation,10/13/2023,Holiday,10/28/2023,Holiday,9/7/2023,Vacation,9/25/2023,Vacation,9/28/2023,Vacation,10/10/2023,Vacation,10/25/2023,Holiday,7/24/2023,Vacation,,,,,B,5.45498E+18
12/1/2022 18:53,Amy,Hansen,12/1/2022,507,Firefighter,9/9/2019,3.23,1/2/2024,Vacation,12/24/2023,Vacation,7/3/2023,Holiday,9/4/2023,Holiday,5/28/2023,Holiday,11/15/2023,Vacation,11/18/2023,Vacation,5/13/2023,Holiday,6/18/2023,Holiday,9/1/2023,Vacation,,,,,,,,,,,,,,,,,B,5.45748E+18
11/25/2022 21:26,Thomas,Harris,11/25/2022,588,Probationary Firefighter,1/17/2022,0.85,9/6/2023,Vacation,9/9/2023,Vacation,9/12/2023,Vacation,9/15/2023,Vacation,9/18/2023,Vacation,4/21/2023,Vacation,4/24/2023,Vacation,,,,,,,,,,,,,,,,,,,,,,,A,5.45239E+18
11/29/2022 16:07,Dillon,Irwin,11/29/2022,508,Firefighter,9/9/2019,3.22,7/21/2023,Vacation,7/24/2023,Vacation,7/27/2023,Vacation,7/30/2023,Vacation,7/18/2023,Vacation,2/3/2023,Vacation,4/16/2023,Vacation,11/9/2023,Vacation,11/12/2023,Holiday,11/15/2023,Holiday,11/18/2023,Holiday,11/21/2023,Holiday,10/7/2023,Holiday,10/28/2023,Holiday,,,,,,,,,B,5.45565E+18
12/1/2022 21:56,Brian,Jaeger,12/1/2022,23,Lieutenant,6/15/1998,24.48,11/23/2023,Holiday,3/10/2023,Vacation,3/13/2023,Vacation,3/16/2023,Vacation,12/26/2023,Holiday,4/9/2023,Vacation,5/27/2023,Vacation,8/1/2023,Vacation,8/4/2023,Vacation,7/29/2023,Vacation,9/21/2023,Holiday,9/24/2023,Holiday,9/15/2023,Vacation,4/12/2023,Holiday,10/6/2023,Holiday,6/11/2023,Vacation,6/17/2023,Vacation,3/19/2023,Vacation,A,5.45759E+18
12/2/2022 20:31,Spencer,Johnson,12/2/2022,623,Probationary Firefighter,8/8/2022,0.32,7/17/2023,Holiday,7/20/2023,,,,,,,,,,,,,,,,,,,,,,,,,,,,,,,,,,A,5.4584E+18
11/27/2022 10:31,Christopher,Jones,11/27/2022,85,Apparatus Specialist,5/10/2009,13.56,12/25/2023,Vacation,7/16/2023,Vacation,7/19/2023,Vacation,9/17/2023,Vacation,9/20/2023,Vacation,9/23/2023,Vacation,9/26/2023,Vacation,9/29/2023,Vacation,2/19/2023,Vacation,3/12/2023,Vacation,4/23/2023,Holiday,6/4/2023,Holiday,,,,,,,,,,,,,C,5.45372E+18
12/1/2022 11:24,jeff,jordan,12/1/2022,24,Apparatus Specialist,10/25/2007,15.11,7/2/2023,Vacation,4/9/2023,Vacation,5/27/2023,Vacation,11/23/2023,Holiday,12/23/2023,Holiday,9/3/2023,Holiday,,,,,,,,,,,,,,,,,,,,,,,,,A,5.45721E+18
11/25/2022 19:38,Doug,Keeling,11/25/2022,25,Lieutenant,6/25/2003,19.43,5/27/2023,Vacation,3/16/2023,Vacation,4/9/2023,Vacation,6/5/2023,Vacation,6/8/2023,Vacation,6/14/2023,Vacation,6/17/2023,Vacation,3/1/2023,Vacation,3/4/2023,Vacation,2/23/2023,Vacation,2/11/2023,Vacation,2/26/2023,Holiday,4/30/2023,Holiday,5/6/2023,Holiday,,,,,,,,,A,5.45232E+18
12/2/2022 16:51,Mikell,Kelley,12/2/2022,465,Firefighter,1/21/2018,4.87,7/24/2023,Vacation,7/27/2023,Vacation,10/28/2023,Vacation,7/30/2023,Vacation,8/2/2023,Vacation,5/19/2023,Vacation,8/5/2023,Vacation,8/8/2023,Vacation,8/11/2023,Holiday,,,,,,,,,,,,,,,,,,,B,5.45827E+18
11/23/2022 10:46,John,Kennedy,11/23/2022,440,Firefighter,7/17/2017,5.36,6/13/2023,Vacation,6/16/2023,Vacation,6/19/2023,Vacation,6/22/2023,Vacation,6/25/2023,Vacation,3/15/2023,Holiday,4/14/2023,Holiday,8/27/2023,Vacation,,,,,,,,,,,,,,,,,,,,,C,5.45028E+18
12/1/2022 18:50,Marcus,Kieschnick,12/1/2022,346,Apparatus Specialist,11/28/2011,11.02,12/24/2023,Vacation,3/14/2023,Vacation,3/17/2023,Vacation,11/24/2023,Vacation,12/27/2023,Vacation,12/30/2023,Vacation,10/31/2023,Vacation,12/21/2023,Vacation,7/27/2023,Vacation,7/21/2023,Vacation,7/24/2023,Holiday,7/30/2023,Holiday,7/18/2023,Holiday,7/15/2023,Holiday,6/3/2023,Holiday,6/6/2023,Holiday,,,,,B,5.45748E+18
12/1/2022 20:15,Anthony,LaManna,12/1/2022,364,Lieutenant,10/28/2013,9.1,6/3/2023,Vacation,8/11/2023,Vacation,4/1/2023,Vacation,5/13/2023,Vacation,5/19/2023,Vacation,,,,,,,,,,,,,,,,,,,,,,,,,,,B,5.45753E+18
12/2/2022 17:41,Jacob,Leckrone,12/2/2022,541,Firefighter,10/4/2021,1.16,12/9/2023,Vacation,,,,,,,,,,,,,,,,,,,,,,,,,,,,,,,,,,,B,5.4583E+18
12/1/2022 11:48,Mason,Limbaugh,12/1/2022,593,Probationary Firefighter,1/17/2022,0.87,3/19/2023,Vacation,9/30/2023,Vacation,3/16/2023,Vacation,,,,,,,,,,,,,,,,,,,,,,,,,,,,,,,A,5.45722E+18
11/25/2022 23:38,Mathew,Lopez,11/25/2022,542,Firefighter,10/4/2021,1.14,5/29/2023,Vacation,6/1/2023,Vacation,3/15/2023,Vacation,3/18/2023,Vacation,6/4/2023,Vacation,2/4/2023,Vacation,2/7/2023,Vacation,3/6/2023,Vacation,4/14/2023,Holiday,7/25/2023,Holiday,8/15/2023,Holiday,,,,,,,,,,,,,,,C,5.45247E+18
12/1/2022 21:33,Brian,Lucas,12/1/2022,28,Lieutenant,12/10/1999,22.99,12/24/2023,Vacation,10/31/2023,Vacation,11/24/2023,Vacation,4/16/2023,Vacation,4/22/2023,Vacation,7/15/2023,Vacation,9/16/2023,Vacation,9/19/2023,Vacation,6/18/2023,Vacation,5/28/2023,Vacation,9/4/2023,Vacation,,,,,,,,,,,,,,,B,5.45758E+18
11/27/2022 11:49,Hunter,Luckie,11/27/2022,595,Probationary Firefighter,1/17/2022,0.86,4/23/2023,Vacation,3/15/2023,Vacation,7/4/2023,Vacation,,,5/17/2023,Vacation,5/20/2023,Vacation,9/17/2023,Vacation,,,,,,,,,,,,,,,,,,,,,,,C,5.45377E+18
12/2/2022 15:41,Justin,Luechtefeld,12/2/2022,418,Firefighter,3/6/2017,5.75,3/26/2023,Vacation,3/29/2023,Vacation,4/16/2023,Vacation,4/19/2023,Vacation,4/22/2023,Vacation,5/16/2023,Vacation,7/27/2023,Holiday,11/24/2023,Holiday,12/24/2023,Holiday,10/31/2023,Vacation,9/4/2023,Holiday,9/7/2023,Holiday,,,,,,,,,,,,,B,5.45823E+18
11/25/2022 16:12,Greg,Madsen,11/25/2022,359,Firefighter,2/4/2013,9.81,6/17/2023,Vacation,6/20/2023,Vacation,6/23/2023,Vacation,5/30/2023,Vacation,6/2/2023,Vacation,6/5/2023,Vacation,3/13/2023,Vacation,7/26/2023,Vacation,10/27/2023,Vacation,10/6/2023,Holiday,10/9/2023,Holiday,,,,,,,,,,,,,,,A,5.4522E+18
12/2/2022 8:41,Alejandro,Maldonado,12/2/2022,554,Probationary Firefighter,1/17/2022,0.87,2/3/2023,Holiday,3/29/2023,Holiday,9/16/2023,Holiday,,,,,,,,,,,,,,,,,,,,,,,,,,,,,,,B,5.45798E+18
12/2/2022 14:43,Rob,McGrew,12/2/2022,30,Lieutenant,1/10/2002,20.91,11/24/2023,Vacation,11/27/2023,Vacation,12/27/2023,Vacation,3/14/2023,Vacation,3/11/2023,Vacation,7/15/2023,Vacation,7/18/2023,Vacation,6/6/2023,Vacation,6/9/2023,Vacation,6/12/2023,Vacation,7/21/2023,Holiday,7/24/2023,Holiday,8/2/2023,Holiday,8/5/2023,Holiday,8/8/2023,Holiday,,,,,,,B,5.45819E+18
12/1/2022 8:17,Jeremy,Meglasson,12/1/2022,76,Lieutenant,9/25/2008,14.19,12/27/2023,Holiday,11/21/2023,Holiday,11/3/2023,Holiday,7/24/2023,Vacation,7/27/2023,Vacation,4/16/2023,Vacation,4/22/2023,Vacation,3/29/2023,Vacation,4/1/2023,Vacation,5/28/2023,Vacation,6/9/2023,Vacation,6/21/2023,Vacation,10/1/2023,Holiday,8/20/2023,Vacation,,,,,,,,,B,5.4571E+18
12/1/2022 7:50,Morgan,Miller,12/1/2022,491,Firefighter,1/21/2019,3.86,11/25/2023,Holiday,12/25/2023,Holiday,8/12/2023,Vacation,8/24/2023,Vacation,7/4/2023,Vacation,3/15/2023,Vacation,3/18/2023,Vacation,5/8/2023,Vacation,5/11/2023,Vacation,5/14/2023,Vacation,,,,,,,,,,,,,,,,,C,5.45708E+18
11/28/2022 15:03,Timothy,Moellenberg,11/28/2022,34,Captain,12/10/1999,22.98,12/26/2023,Vacation,1/1/2024,Vacation,11/23/2023,Holiday,12/29/2023,Holiday,3/16/2023,Vacation,4/9/2023,Holiday,7/26/2023,Vacation,7/29/2023,Vacation,6/20/2023,Vacation,6/17/2023,Vacation,10/6/2023,Vacation,10/9/2023,Vacation,8/10/2023,Vacation,,,,,,,,,,,A,5.45475E+18
11/21/2022 10:02,Christopher,Montoya,11/21/2022,365,Apparatus Specialist,10/28/2013,9.07,7/3/2023,Holiday,7/21/2023,Vacation,10/31/2023,Holiday,11/21/2023,Vacation,12/8/2023,Vacation,12/15/2023,Vacation,12/18/2023,Vacation,12/21/2023,Vacation,12/27/2023,Vacation,,,,,,,,,,,,,,,,,,,B,5.44852E+18
11/21/2022 20:28,WARREN,Neely,11/21/2022,556,Probationary Firefighter,1/17/2022,0.84,9/18/2023,Vacation,9/21/2023,Vacation,9/24/2023,Vacation,9/27/2023,Vacation,9/30/2023,Vacation,10/3/2023,Vacation,,,,,,,,,,,,,,,,,,,,,,,,,A,5.4489E+18
11/25/2022 15:57,Paul,Nutting,11/25/2022,598,Probationary Firefighter,1/17/2022,0.85,5/27/2023,Vacation,,,,,,,,,,,,,,,,,,,,,,,,,,,,,,,,,,,A,5.45219E+18
12/1/2022 23:18,Brian,O Faolain,12/1/2022,468,Firefighter,1/22/2018,4.86,3/12/2023,Vacation,3/15/2023,Vacation,3/18/2023,Vacation,6/13/2023,Vacation,6/16/2023,Vacation,6/19/2023,Vacation,12/25/2023,Holiday,12/31/2023,Holiday,,,,,,,,,,,,,,,,,,,,,C,5.45764E+18
12/2/2022 13:05,Mason,Oakley,12/2/2022,493,Apparatus Specialist,1/21/2019,3.87,4/7/2023,Vacation,7/3/2023,Vacation,11/24/2023,Vacation,,,,,,,,,,,,,,,,,,,,,,,,,,,,,,,B,5.45814E+18
11/25/2022 15:46,GABRIEL,OBIEDO,11/25/2022,39,Lieutenant,8/10/2000,22.31,12/26/2023,Vacation,11/23/2023,Vacation,6/11/2023,Vacation,4/27/2023,Vacation,7/17/2023,Vacation,12/8/2023,Vacation,2/14/2023,Vacation,4/9/2023,Vacation,,,,,,,,,,,,,,,,,,,,,A,5.45218E+18
11/25/2022 17:50,Shawn,O'Leary,11/25/2022,41,Lieutenant,6/15/1998,24.46,3/12/2023,Vacation,3/15/2023,Vacation,3/18/2023,Vacation,8/3/2023,Vacation,8/6/2023,Vacation,8/9/2023,Vacation,8/12/2023,Vacation,4/2/2023,Vacation,3/24/2023,Vacation,3/27/2023,Vacation,,,,,,,,,,,,,,,,,C,5.45226E+18
11/21/2022 8:45,Alan,Ordieres,11/21/2022,347,Apparatus Specialist,11/28/2011,10.99,10/16/2023,Vacation,9/7/2023,Holiday,9/10/2023,Vacation,12/24/2023,Holiday,3/8/2023,Holiday,3/11/2023,Vacation,12/3/2023,Holiday,11/24/2023,Vacation,,,,,,,,,,,,,,,,,,,,,B,5.44848E+18
12/1/2022 11:22,Bobby,Ortiz,12/1/2022,42,Captain,7/10/2002,20.41,12/26/2023,Vacation,12/29/2023,Vacation,11/23/2023,Vacation,3/13/2023,Vacation,3/16/2023,Vacation,3/19/2023,Vacation,7/5/2023,Vacation,7/2/2023,Vacation,4/9/2023,Vacation,7/8/2023,Vacation,5/27/2023,Vacation,9/3/2023,Vacation,2/17/2023,Vacation,2/20/2023,Vacation,5/24/2023,Vacation,12/23/2023,Vacation,12/10/2023,Vacation,7/11/2023,Vacation,A,5.45721E+18
12/1/2022 11:00,David,Owens,12/1/2022,43,Apparatus Specialist,2/25/2008,14.78,5/28/2023,Vacation,12/30/2023,Vacation,12/27/2023,Vacation,3/17/2023,Vacation,3/20/2023,Vacation,4/22/2023,Holiday,6/24/2023,Holiday,6/27/2023,Holiday,6/30/2023,Holiday,9/4/2023,Holiday,11/24/2023,Vacation,,,,,,,,,,,,,,,B,5.4572E+18
12/1/2022 17:39,Alex,Padden,12/1/2022,383,Apparatus Specialist,7/20/2015,7.37,3/18/2023,Vacation,2/25/2023,Vacation,5/20/2023,Vacation,6/1/2023,Vacation,7/22/2023,Holiday,12/1/2023,Holiday,10/17/2023,Holiday,,,,,,,,,,,,,,,,,,,,,,,C,5.45744E+18
11/29/2022 11:18,Alexander,Patton,11/29/2022,599,Probationary Firefighter,1/17/2022,0.87,7/21/2023,Vacation,7/18/2023,Vacation,5/28/2023,Vacation,10/7/2023,Vacation,2/12/2023,Vacation,3/20/2023,Holiday,9/16/2023,Holiday,,,,,,,,,,,,,,,,,,,,,,,B,5.45548E+18
12/1/2022 17:56,Bryan,Perez,12/1/2022,557,Probationary Firefighter,1/17/2022,0.87,3/4/2023,Vacation,5/6/2023,Vacation,1/1/2024,Vacation,11/23/2023,Vacation,12/2/2023,Holiday,4/9/2023,Holiday,4/12/2023,Holiday,6/11/2023,Holiday,7/5/2023,Vacation,7/8/2023,Vacation,,,,,,,,,,,,,,,,,A,5.45745E+18
12/3/2022 8:35,Peyton,Perrier,12/3/2022,470,Firefighter,1/22/2018,4.87,3/15/2023,Vacation,3/12/2023,Vacation,11/19/2023,Vacation,5/26/2023,Vacation,6/13/2023,Vacation,6/16/2023,Vacation,6/19/2023,Vacation,7/19/2023,Holiday,9/2/2023,Holiday,11/22/2023,Holiday,12/22/2023,Holiday,12/28/2023,Holiday,4/8/2023,Holiday,,,,,,,,,,,C,5.45884E+18
12/2/2022 14:35,Benjamin,Perry,12/2/2022,558,Probationary Firefighter,1/17/2022,0.87,8/17/2023,Vacation,7/15/2023,Vacation,7/18/2023,Vacation,7/21/2023,Vacation,,,,,,,,,,,,,,,,,,,,,,,,,,,,,B,5.45819E+18
11/22/2022 10:41,Alejandro,Piedrahita,11/22/2022,494,Firefighter,1/21/2019,3.84,4/30/2023,Vacation,5/27/2023,Vacation,5/30/2023,Vacation,6/2/2023,Vacation,6/5/2023,Vacation,8/19/2023,Vacation,,,,,,,,,,,,,,,,,,,,,,,,,A,5.44941E+18
12/2/2022 13:52,Dustin,Pond,12/2/2022,352,Firefighter,3/19/2012,10.71,12/27/2023,Holiday,3/11/2023,Holiday,3/14/2023,Holiday,3/17/2023,Holiday,2/18/2023,Vacation,11/12/2023,Vacation,12/24/2023,Vacation,7/9/2023,Vacation,,,,,,,,,,,,,,,,,,,,,B,5.45816E+18
12/2/2022 12:05,Quentin,Powers,12/2/2022,559,Probationary Firefighter,1/17/2022,0.87,12/25/2023,Vacation,12/31/2023,Vacation,12/22/2023,Vacation,12/28/2023,Vacation,2/1/2023,Vacation,2/4/2023,Vacation,2/7/2023,Vacation,2/10/2023,Vacation,7/31/2023,Holiday,7/28/2023,Holiday,8/24/2023,Holiday,8/27/2023,Holiday,8/30/2023,Holiday,9/2/2023,Holiday,,,,,,,,,C,5.4581E+18
12/4/2022 8:43,Russell,Pugh,12/4/2022,449,Firefighter,8/14/2017,5.31,12/31/2023,Vacation,12/28/2023,Vacation,11/25/2023,Vacation,7/4/2023,Vacation,3/12/2023,Holiday,3/18/2023,Holiday,3/24/2023,Holiday,4/29/2023,Holiday,5/20/2023,,,,,,,,,,,,,,,,,,,,C,5.45971E+18
12/1/2022 22:45,James,Pursell,12/1/2022,561,Probationary Firefighter,1/17/2021,1.87,5/29/2023,Holiday,3/24/2023,Holiday,2/19/2023,Holiday,3/18/2023,Holiday,7/4/2023,Holiday,5/5/2023,Holiday,5/26/2023,Holiday,,,,,,,,,,,,,,,,,,,,,,,C,5.45762E+18
12/2/2022 14:31,Jacob,Pursell,12/2/2022,561,Probationary Firefighter,1/17/2022,0.87,5/29/2023,Holiday,7/1/2023,Holiday,3/18/2023,Holiday,2/10/2023,Holiday,,,,,,,,,,,,,,,,,,,,,,,,,,,,,C,5.45819E+18
12/1/2022 21:36,Juan,Ramirez,12/1/2022,47,Apparatus Specialist,10/15/2007,15.14,3/13/2023,Vacation,3/16/2023,Vacation,7/5/2023,Vacation,8/19/2023,Vacation,7/5/2023,Vacation,11/23/2023,Vacation,,Vacation,3/31/2023,Vacation,,,,,,,,,,,,,,,,,,,,,A,5.45758E+18
12/2/2022 10:05,Jeffrey,Ramirez,12/2/2022,482,Firefighter,1/7/2019,3.9,6/18/2023,Vacation,4/7/2023,Vacation,12/30/2023,Vacation,3/11/2023,Vacation,3/14/2023,Vacation,3/17/2023,Vacation,7/15/2023,Vacation,7/18/2023,Vacation,7/21/2023,Holiday,5/28/2023,Holiday,12/24/2023,Holiday,9/4/2023,Holiday,11/24/2023,Holiday,10/31/2023,Holiday,,,,,,,,,B,5.45803E+18
11/21/2022 8:58,David,Randazzo,11/21/2022,48,Lieutenant,2/1/1998,24.82,5/14/2023,Vacation,5/17/2023,Vacation,5/20/2023,Vacation,5/11/2023,Holiday,2/22/2023,Holiday,2/25/2023,Vacation,12/25/2023,Vacation,12/28/2023,Holiday,,,,,,,,,,,,,,,,,,,,,C,5.44848E+18
12/1/2022 13:46,Jim,Rodriguez,12/1/2022,450,Firefighter,8/14/2017,5.3,5/26/2023,Holiday,5/29/2023,Holiday,6/4/2023,Holiday,6/16/2023,Holiday,6/19/2023,Holiday,7/19/2023,Holiday,9/17/2023,Vacation,2/4/2023,Vacation,,,,,,,,,,,,,,,,,,,,,C,5.4573E+18
11/21/2022 13:12,John,Rolater,11/21/2022,392,Apparatus Specialist,1/6/2016,6.88,12/25/2023,Holiday,2/4/2023,Holiday,1/20/2023,Holiday,1/23/2023,Holiday,3/21/2023,Vacation,3/24/2023,Vacation,11/25/2023,Vacation,,,,,,,,,,,,,,,,,,,,,,,C,5.44864E+18
11/21/2022 11:30,Bren,Rotelli,11/21/2022,50,Lieutenant,1/25/2003,19.84,12/25/2023,Vacation,12/31/2023,Vacation,7/4/2023,Vacation,4/23/2023,Vacation,4/20/2023,Vacation,4/26/2023,Vacation,5/5/2023,Vacation,5/8/2023,Vacation,6/4/2023,Vacation,7/16/2023,Vacation,8/27/2023,Vacation,10/8/2023,Holiday,,,,,,,,,,,,,C,5.44857E+18
12/1/2022 19:36,Eric,Salazar,11/26/2022,603,Probationary Firefighter,1/17/2022,0.86,4/8/2023,Vacation,7/16/2023,Vacation,3/15/2023,Vacation,5/5/2023,Vacation,,,,,,,,,,,,,,,,,,,,,,,,,,,,,C,5.45751E+18
11/30/2022 8:43,Isaiah,San Miguel,11/30/2022,627,Probationary Firefighter,8/8/2022,0.31,6/9/2023,Holiday,6/12/2023,Holiday,7/6/2023,Holiday,4/1/2023,Holiday,5/13/2023,Holiday,,,,,,,,,,,,,,,,,,,,,,,,,,,B,5.45625E+18
11/21/2022 8:42,Jaime,Sanchez,11/21/2022,604,Probationary Firefighter,11/4/2022,0.05,8/16/2023,Holiday,10/6/2023,Holiday,,,,,,,,,,,,,,,,,,,,,,,,,,,,,,,,,A,5.44847E+18
11/28/2022 8:30,Justin,Sebesta,11/28/2022,473,Firefighter,1/22/2018,4.85,11/11/2023,Vacation,11/14/2023,Vacation,4/24/2023,Vacation,4/20/2023,Holiday,5/12/2023,Vacation,5/15/2023,Vacation,6/5/2023,Holiday,6/2/2023,Holiday,,,,,,,,,,,,,,,,,,,,,A,5.45451E+18
11/21/2022 20:40,Terry,Seidenberger,11/21/2022,424,Apparatus Specialist,3/6/2017,5.72,11/23/2023,Vacation,6/26/2023,Vacation,12/23/2023,Vacation,4/15/2023,Vacation,10/6/2023,Vacation,,,,,,,,,,,,,,,,,,,,,,,,,,,A,5.4489E+18
12/2/2022 22:38,Jordan,Sessions,12/2/2022,605,Probationary Firefighter,1/17/2022,0.87,10/31/2023,Vacation,7/18/2023,Vacation,7/12/2023,Vacation,7/15/2023,Vacation,,,,,,,,,,,,,,,,,,,,,,,,,,,,,B,5.45848E+18
11/29/2022 17:42,Christopher,Sheppard,11/29/2022,395,Apparatus Specialist,11/4/2016,6.07,3/17/2023,Vacation,5/28/2023,Vacation,10/28/2023,Vacation,11/12/2023,Vacation,11/9/2023,Vacation,9/4/2023,Vacation,12/15/2023,Vacation,12/9/2023,Vacation,2/12/2023,Holiday,7/30/2023,Holiday,8/23/2023,Holiday,4/7/2023,Holiday,10/4/2023,Holiday,11/6/2023,Holiday,,,,,,,,,B,5.45571E+18
11/29/2022 14:49,Elizabeth,Sherman,11/28/2022,498,Firefighter,1/21/2019,3.85,11/6/2023,Vacation,3/14/2023,Vacation,3/17/2023,Vacation,10/31/2023,Holiday,11/9/2023,Vacation,,,,,,,,,,,,,,,,,,,,,,,,,,,B,5.45561E+18
11/29/2022 15:34,Dezarai,Spencer,11/29/2022,607,Probationary Firefighter,1/17/2022,0.87,3/17/2023,Vacation,3/20/2023,Vacation,5/7/2023,Vacation,11/3/2023,Vacation,,,,,,,,,,,,,,,,,,,,,,,,,,,,,B,5.45563E+18
12/1/2022 13:44,Christian,Spencer-Harkins,12/1/2022,608,Probationary Firefighter,1/17/2022,0.87,3/17/2023,Vacation,7/30/2023,Vacation,6/3/2023,Vacation,6/6/2023,Vacation,8/2/2023,Vacation,8/5/2023,Vacation,12/27/2023,Vacation,12/30/2023,Vacation,8/8/2023,Holiday,6/9/2023,Holiday,4/19/2023,Holiday,4/16/2023,Holiday,,,,,,,,,,,,,B,5.45729E+18
12/1/2022 13:46,Logan,Stehling,12/1/2022,404,Firefighter,9/12/2016,6.22,7/2/2023,Vacation,7/5/2023,Vacation,3/16/2023,Vacation,3/19/2023,Vacation,6/14/2023,Vacation,6/17/2023,Vacation,9/15/2023,Vacation,9/18/2023,Vacation,9/21/2023,Vacation,9/24/2023,Holiday,10/24/2023,Holiday,12/17/2023,Holiday,,,,,,,,,,,,,A,5.4573E+18
11/28/2022 11:24,Brandon,Stephens,11/28/2022,511,Firefighter,9/9/2019,3.22,2/14/2023,Vacation,11/29/2023,Vacation,5/21/2023,Vacation,7/14/2023,Vacation,7/23/2023,Vacation,7/17/2023,Vacation,7/29/2023,Vacation,1/1/2024,Vacation,,,,,,,,,,,,,,,,,,,,,A,5.45462E+18
12/2/2022 17:32,Trevor,Stokes,12/2/2022,58,Captain,12/10/2000,21.99,11/24/2023,Holiday,9/4/2023,Holiday,11/21/2023,Holiday,3/14/2023,Holiday,7/3/2023,Holiday,9/1/2023,Holiday,10/7/2023,Holiday,5/28/2023,Holiday,12/18/2023,Vacation,12/21/2023,Vacation,4/7/2023,Vacation,6/27/2023,Vacation,3/17/2023,Vacation,4/10/2023,Vacation,6/24/2023,Vacation,,,,,,,B,5.4583E+18
12/1/2022 22:01,Josh,Stubblefield,12/1/2022,360,Lieutenant,2/4/2013,9.83,12/31/2023,Vacation,12/28/2023,Vacation,11/25/2023,Vacation,5/29/2023,Vacation,7/13/2023,Vacation,7/16/2023,Vacation,3/3/2023,Holiday,2/28/2023,Holiday,11/7/2023,Holiday,1/3/2024,Vacation,,,,,,,,,,,,,,,,,C,5.45759E+18
11/25/2022 14:49,William,Swaim,11/25/2022,78,Lieutenant,9/25/2008,14.18,11/23/2023,Vacation,2/5/2023,Vacation,2/23/2023,Vacation,1/1/2024,Vacation,,,,,,,,,,,,,,,,,,,,,,,,,,,,,A,5.45215E+18
11/28/2022 11:44,Adam,Tabor,11/28/2022,59,Lieutenant,1/10/2000,22.9,11/23/2023,Vacation,12/26/2023,Vacation,11/26/2023,Vacation,12/29/2023,Vacation,7/23/2023,Vacation,7/26/2023,Vacation,7/29/2023,Vacation,8/1/2023,Vacation,,,,,,,,,,,,,,,,,,,,,A,5.45463E+18
12/1/2022 14:01,Ross,Tagtow,12/1/2022,544,Firefighter,10/4/2021,1.16,2/3/2023,Vacation,7/15/2023,Vacation,7/18/2023,,,,,,,,,,,,,,,,,,,,,,,,,,,,,,,,B,5.4573E+18
11/26/2022 18:09,Layne,Thompson,11/26/2022,452,Firefighter,8/14/2017,5.29,10/13/2023,Vacation,10/16/2023,Vacation,10/19/2023,Vacation,10/22/2023,Vacation,2/12/2023,Vacation,5/4/2023,Vacation,5/7/2023,Vacation,12/6/2023,Vacation,12/9/2023,Vacation,,Holiday,,,,,,,,,,,,,,,,,B,5.45313E+18
11/29/2022 10:22,Tory,Thompson,11/29/2022,60,Battalion Chief,5/10/1999,23.57,11/22/2023,Vacation,12/25/2023,Vacation,11/25/2023,Vacation,7/1/2023,Vacation,12/31/2023,Vacation,6/28/2023,Holiday,11/10/2023,Holiday,,,,,,,,,,,,,,,,,,,,,,,C,5.45545E+18
12/2/2022 17:51,Josh,Tiemann,12/2/2022,348,Apparatus Specialist,11/28/2011,11.02,12/25/2023,Vacation,12/28/2023,Vacation,7/1/2023,Vacation,2/25/2023,Vacation,5/11/2023,Vacation,4/8/2023,Vacation,11/22/2023,Vacation,8/15/2023,Vacation,10/29/2023,Vacation,9/23/2023,Holiday,12/19/2023,Holiday,2/4/2023,Holiday,6/10/2023,Holiday,3/24/2023,Holiday,,,,,,,,,C,5.45831E+18
12/1/2022 10:01,John,Travis,12/1/2022,349,Lieutenant,11/28/2011,11.02,7/2/2023,Vacation,7/5/2023,Vacation,5/27/2023,Vacation,5/30/2023,Vacation,6/2/2023,Vacation,9/3/2023,Vacation,9/6/2023,Vacation,,,,,,,,,,,,,,,,,,,,,,,A,5.45716E+18
11/21/2022 8:46,Zachary,Wadley,11/21/2022,512,Firefighter,9/9/2019,3.2,1/14/2023,Vacation,1/17/2023,Vacation,1/20/2023,Vacation,1/23/2023,Vacation,1/26/2023,Vacation,1/29/2023,Vacation,2/1/2023,Vacation,2/4/2023,Vacation,2/7/2023,Holiday,2/10/2023,Holiday,2/13/2023,Holiday,2/16/2023,Holiday,2/19/2023,Holiday,,,,,,,,,,,C,5.44848E+18
11/30/2022 11:31,Taylor,Watts,11/30/2022,514,Firefighter,9/9/2019,3.23,5/20/2023,Holiday,5/26/2023,Holiday,10/29/2023,Holiday,,,,,,,,,,,,,,,,,,,,,,,,,,,,,,,C,5.45635E+18
11/23/2022 12:23,Tommy,Weeks,11/23/2022,66,Lieutenant,9/10/2006,16.21,12/24/2023,Vacation,10/31/2023,Vacation,6/6/2023,Vacation,6/9/2023,Vacation,6/12/2023,Vacation,6/15/2023,Vacation,11/21/2023,Vacation,12/27/2023,Vacation,8/8/2023,Vacation,12/21/2023,Vacation,11/24/2023,Holiday,3/14/2023,Holiday,3/11/2023,Holiday,,,,,,,,,,,B,5.45033E+18
12/2/2022 13:54,Kevin,Wells,12/2/2022,515,Firefighter,9/9/2019,3.23,8/14/2023,Vacation,8/17/2023,Vacation,8/20/2023,Vacation,5/1/2023,Vacation,5/4/2023,Vacation,5/7/2023,Vacation,5/22/2023,Vacation,5/25/2023,Vacation,,,,,,,,,,,,,,,,,,,,,B,5.45816E+18
11/27/2022 21:15,Levi,Windham,11/27/2022,516,Firefighter,9/9/2019,3.22,6/12/2023,Vacation,6/15/2023,Holiday,12/24/2023,Vacation,10/31/2023,Holiday,12/27/2023,Vacation,4/1/2023,Holiday,12/30/2023,Vacation,,,,,,,,,,,,,,,,,,,,,,,B,5.45411E+18
11/25/2022 20:18,Chris,Wolff,11/25/2022,399,Apparatus Specialist,1/4/2016,6.9,3/16/2023,Vacation,3/19/2023,Vacation,6/8/2023,Vacation,1/4/2024,Vacation,6/11/2023,Holiday,6/14/2023,Holiday,6/17/2023,Holiday,5/21/2023,Holiday,12/20/2023,Vacation,9/18/2023,Vacation,,,,,,,,,,,,,,,,,A,5.45235E+18
11/30/2022 8:57,Nicholas,Wright,11/30/2022,501,Firefighter,1/21/2019,3.86,5/29/2023,Vacation,5/26/2023,Vacation,2/10/2023,Vacation,4/14/2023,Vacation,6/16/2023,Vacation,7/16/2023,Vacation,8/12/2023,Holiday,11/25/2023,Holiday,12/22/2023,Vacation,,,,,,,,,,,,,,,,,,,C,5.45626E+18
12/2/2022 9:08,Tim,Ybarra,12/2/2022,502,Firefighter,1/21/2019,3.87,12/3/2023,Vacation,3/2/2023,Vacation,6/6/2023,Holiday,6/9/2023,Holiday,10/19/2023,Holiday,12/3/2023,Vacation,,,,,,,,,,,,,,,,,,,,,,,,,B,5.45799E+18
